<?xml version="1.0" encoding="UTF-8"?>
<project-private xmlns="http://www.netbeans.org/ns/project-private/1">
    <editor-bookmarks xmlns="http://www.netbeans.org/ns/editor-bookmarks/2" lastBookmarkId="0"/>
    <open-files xmlns="http://www.netbeans.org/ns/projectui-open-files/2">
        <group>
            <file>file:/C:/Users/Vedant%20Singhvi/Documents/NetBeansProjects/HomeAssignment6/src/UserInterface/SalesPersonRole/LoginSalesPerson.java</file>
            <file>file:/C:/Users/Vedant%20Singhvi/Documents/NetBeansProjects/HomeAssignment6/src/UserInterface/SalesPersonRole/ViewOrderItemDetailJPanel.java</file>
            <file>file:/C:/Users/Vedant%20Singhvi/Documents/NetBeansProjects/HomeAssignment6/src/UserInterface/SalesPersonRole/AnalyticsJPanel.java</file>
            <file>file:/C:/Users/Vedant%20Singhvi/Documents/NetBeansProjects/HomeAssignment6/src/Business/MasterOrderCatalog.java</file>
            <file>file:/C:/Users/Vedant%20Singhvi/Documents/NetBeansProjects/HomeAssignment6/src/Business/SalesPersonDirectory.java</file>
            <file>file:/C:/Users/Vedant%20Singhvi/Documents/NetBeansProjects/HomeAssignment6/src/UserInterface/SalesPersonRole/ViewProductDetailJPanel.java</file>
            <file>file:/C:/Users/Vedant%20Singhvi/Documents/NetBeansProjects/HomeAssignment6/src/UserInterface/SupplierRole/ManageProductCatalogJPanel.java</file>
            <file>file:/C:/Users/Vedant%20Singhvi/Documents/NetBeansProjects/HomeAssignment6/src/Business/ProductCatalog.java</file>
            <file>file:/C:/Users/Vedant%20Singhvi/Documents/NetBeansProjects/HomeAssignment6/src/Business/Product.java</file>
            <file>file:/C:/Users/Vedant%20Singhvi/Documents/NetBeansProjects/HomeAssignment6/src/Business/Order.java</file>
            <file>file:/C:/Users/Vedant%20Singhvi/Documents/NetBeansProjects/HomeAssignment6/src/Business/SalesPerson.java</file>
            <file>file:/C:/Users/Vedant%20Singhvi/Documents/NetBeansProjects/HomeAssignment6/src/UserInterface/ManageAdminJPanel.java</file>
            <file>file:/C:/Users/Vedant%20Singhvi/Documents/NetBeansProjects/HomeAssignment6/src/UserInterface/MainJFrame.java</file>
            <file>file:/C:/Users/Vedant%20Singhvi/Documents/NetBeansProjects/HomeAssignment6/src/UserInterface/ViewSalesPersonJPanel.java</file>
            <file>file:/C:/Users/Vedant%20Singhvi/Documents/NetBeansProjects/HomeAssignment6/src/UserInterface/SalesHistoryJPanel.java</file>
            <file>file:/C:/Users/Vedant%20Singhvi/Documents/NetBeansProjects/HomeAssignment6/src/UserInterface/SupplierRole/CreateNewProductJPanel.java</file>
            <file>file:/C:/Users/Vedant%20Singhvi/Documents/NetBeansProjects/HomeAssignment6/src/Business/Business.java</file>
            <file>file:/C:/Users/Vedant%20Singhvi/Documents/NetBeansProjects/HomeAssignment6/src/UserInterface/LoginAdminJPanel.java</file>
            <file>file:/C:/Users/Vedant%20Singhvi/Documents/NetBeansProjects/HomeAssignment6/src/Business/Supplier.java</file>
            <file>file:/C:/Users/Vedant%20Singhvi/Documents/NetBeansProjects/HomeAssignment6/src/UserInterface/CreateSalesPersonJPanel.java</file>
            <file>file:/C:/Users/Vedant%20Singhvi/Documents/NetBeansProjects/HomeAssignment6/src/UserInterface/SalesPersonRole/BrowseProducts.java</file>
            <file>file:/C:/Users/Vedant%20Singhvi/Documents/NetBeansProjects/HomeAssignment6/src/UserInterface/SupplierRole/ViewProductDetailJPanel.java</file>
            <file>file:/C:/Users/Vedant%20Singhvi/Documents/NetBeansProjects/HomeAssignment6/src/UserInterface/SupplierRole/SearchResultJPanel.java</file>
            <file>file:/C:/Users/Vedant%20Singhvi/Documents/NetBeansProjects/HomeAssignment6/src/UserInterface/SalesPersonRole/CustomerWorkAreaJPanel.java</file>
            <file>file:/C:/Users/Vedant%20Singhvi/Documents/NetBeansProjects/HomeAssignment6/src/UserInterface/SalesPersonPanel.java</file>
            <file>file:/C:/Users/Vedant%20Singhvi/Documents/NetBeansProjects/HomeAssignment6/src/Business/OrderItem.java</file>
            <file>file:/C:/Users/Vedant%20Singhvi/Documents/NetBeansProjects/HomeAssignment6/src/UserInterface/SupplierRole/SupplierWorkAreaJPanel.java</file>
            <file>file:/C:/Users/Vedant%20Singhvi/Documents/NetBeansProjects/HomeAssignment6/src/UserInterface/SupplierRole/SearchForProductJPanel.java</file>
        </group>
    </open-files>
</project-private>
