<?xml version="1.0" encoding="UTF-8"?>
<project-private xmlns="http://www.netbeans.org/ns/project-private/1">
    <editor-bookmarks xmlns="http://www.netbeans.org/ns/editor-bookmarks/2" lastBookmarkId="0"/>
    <open-files xmlns="http://www.netbeans.org/ns/projectui-open-files/2">
        <group>
            <file>file:/C:/Users/Vedant%20Singhvi/Documents/NetBeansProjects/HomeAssignment7/src/userInterface/CDCAdminRole/AddPHDJPanel.java</file>
            <file>file:/C:/Users/Vedant%20Singhvi/Documents/NetBeansProjects/HomeAssignment7/src/userInterface/ProviderRole/ManageClinicRequestJPanel.java</file>
            <file>file:/C:/Users/Vedant%20Singhvi/Documents/NetBeansProjects/HomeAssignment7/src/userInterface/ClinicRole/ViewOrderHistoryJPanel.java</file>
            <file>file:/C:/Users/Vedant%20Singhvi/Documents/NetBeansProjects/HomeAssignment7/src/userInterface/ProviderRole/ManageInventoryJPanel.java</file>
            <file>file:/C:/Users/Vedant%20Singhvi/Documents/NetBeansProjects/HomeAssignment7/src/userInterface/ProviderRole/CreateOrderJPanel.java</file>
            <file>file:/C:/Users/Vedant%20Singhvi/Documents/NetBeansProjects/HomeAssignment7/src/business/address/Address.java</file>
            <file>file:/C:/Users/Vedant%20Singhvi/Documents/NetBeansProjects/HomeAssignment7/src/userInterface/ProviderRole/ViewOrdersJPanel.java</file>
            <file>file:/C:/Users/Vedant%20Singhvi/Documents/NetBeansProjects/HomeAssignment7/src/userInterface/ClinicRole/ViewOrdersJPanel.java</file>
            <file>file:/C:/Users/Vedant%20Singhvi/Documents/NetBeansProjects/HomeAssignment7/src/userInterface/ProviderRole/ViewProviderInventoryJPanel.java</file>
            <file>file:/C:/Users/Vedant%20Singhvi/Documents/NetBeansProjects/HomeAssignment7/src/userInterface/CDCAdminRole/AddPopulationJPanel.java</file>
            <file>file:/C:/Users/Vedant%20Singhvi/Documents/NetBeansProjects/HomeAssignment7/src/userInterface/MainJFrame.java</file>
            <file>file:/C:/Users/Vedant%20Singhvi/Documents/NetBeansProjects/HomeAssignment7/src/userInterface/ProviderRole/SendClinicOrdersJPanel.java</file>
            <file>file:/C:/Users/Vedant%20Singhvi/Documents/NetBeansProjects/HomeAssignment7/src/userInterface/ProviderRole/SendShipmentRequestJPanel.java</file>
            <file>file:/C:/Users/Vedant%20Singhvi/Documents/NetBeansProjects/HomeAssignment7/src/userInterface/ClinicRole/ManageInventory.java</file>
            <file>file:/C:/Users/Vedant%20Singhvi/Documents/NetBeansProjects/HomeAssignment7/src/userInterface/ClinicRole/CreateOrderRequestJPanel.java</file>
            <file>file:/C:/Users/Vedant%20Singhvi/Documents/NetBeansProjects/HomeAssignment7/src/userInterface/ProviderRole/AddAdminJPanel.java</file>
            <file>file:/C:/Users/Vedant%20Singhvi/Documents/NetBeansProjects/HomeAssignment7/src/userInterface/ProviderRole/ManageSatelliteClinicJPanel.java</file>
            <file>file:/C:/Users/Vedant%20Singhvi/Documents/NetBeansProjects/HomeAssignment7/src/userInterface/enterpriseUserAccounts/UpdateAdminJPanel.java</file>
            <file>file:/C:/Users/Vedant%20Singhvi/Documents/NetBeansProjects/HomeAssignment7/src/images/phd.jpg</file>
            <file>file:/C:/Users/Vedant%20Singhvi/Documents/NetBeansProjects/HomeAssignment7/src/userInterface/ProviderRole/ManageAdminSatelliteSitesJPanel.java</file>
            <file>file:/C:/Users/Vedant%20Singhvi/Documents/NetBeansProjects/HomeAssignment7/src/userInterface/ClinicRole/ViewClinicInventryJPanel.java</file>
            <file>file:/C:/Users/Vedant%20Singhvi/Documents/NetBeansProjects/HomeAssignment7/src/userInterface/CDCAdminRole/ManageOrganizationAdminsJPanel.java</file>
            <file>file:/C:/Users/Vedant%20Singhvi/Documents/NetBeansProjects/HomeAssignment7/src/userInterface/ProviderRole/BillJPanel.java</file>
        </group>
    </open-files>
</project-private>
