<?xml version="1.0" encoding="UTF-8"?>
<project-private xmlns="http://www.netbeans.org/ns/project-private/1">
    <editor-bookmarks xmlns="http://www.netbeans.org/ns/editor-bookmarks/2" lastBookmarkId="0"/>
    <open-files xmlns="http://www.netbeans.org/ns/projectui-open-files/2">
        <group>
            <file>file:/C:/Users/Vedant%20Singhvi/Documents/NetBeansProjects/Throttle_AEDProject/src/userInterface/Customer/EmissionJPanel.java</file>
            <file>file:/C:/Users/Vedant%20Singhvi/Documents/NetBeansProjects/Throttle_AEDProject/src/Business/BuyAutomobile/MasterOrderCatalog.java</file>
            <file>file:/C:/Users/Vedant%20Singhvi/Documents/NetBeansProjects/Throttle_AEDProject/src/userInterface/Customer/EmissionFirstJPanel.java</file>
            <file>file:/C:/Users/Vedant%20Singhvi/Documents/NetBeansProjects/Throttle_AEDProject/src/Business/DB4OUtil/DB4OUtil.java</file>
            <file>file:/C:/Users/Vedant%20Singhvi/Documents/NetBeansProjects/Throttle_AEDProject/src/userInterface/Customer/BuyAutomobileJPanel.java</file>
            <file>file:/C:/Users/Vedant%20Singhvi/Documents/NetBeansProjects/Throttle_AEDProject/src/Business/Automobile/Automobile.java</file>
        </group>
    </open-files>
</project-private>
