<?xml version="1.0" encoding="UTF-8"?>
<project-private xmlns="http://www.netbeans.org/ns/project-private/1">
    <editor-bookmarks xmlns="http://www.netbeans.org/ns/editor-bookmarks/2" lastBookmarkId="0"/>
    <open-files xmlns="http://www.netbeans.org/ns/projectui-open-files/2">
        <group>
            <file>file:/C:/Users/Vedant%20Singhvi/Documents/NetBeansProjects/Homework_Assignment_5/src/Business/Business.java</file>
            <file>file:/C:/Users/Vedant%20Singhvi/Documents/NetBeansProjects/Homework_Assignment_5/src/Interface/FindUserAccountJPanel.java</file>
            <file>file:/C:/Users/Vedant%20Singhvi/Documents/NetBeansProjects/Homework_Assignment_5/src/Interface/MainJFrame.java</file>
            <file>file:/C:/Users/Vedant%20Singhvi/Documents/NetBeansProjects/Homework_Assignment_5/src/Interface/ViewAccountJPanel.java</file>
            <file>file:/C:/Users/Vedant%20Singhvi/Documents/NetBeansProjects/Homework_Assignment_5/src/Interface/FindPersonJPanel.java</file>
            <file>file:/C:/Users/Vedant%20Singhvi/Documents/NetBeansProjects/Homework_Assignment_5/src/Business/PersonDirectory.java</file>
            <file>file:/C:/Users/Vedant%20Singhvi/Documents/NetBeansProjects/Homework_Assignment_5/src/Interface/HumanResourceJPanel.java</file>
            <file>file:/C:/Users/Vedant%20Singhvi/Documents/NetBeansProjects/Homework_Assignment_5/src/Interface/LoginJPanel.java</file>
        </group>
    </open-files>
</project-private>
